[
  {
    "id": "05112aa7-c957-4c19-a92c-caa445693bc4",
    "data": [
      {
        "text": "skip message",
        "userDefined": false
      }
    ],
    "isTemplate": false,
    "count": 0,
    "updated": 1520026947
  },
  {
    "id": "ccd1873c-f0d5-4159-a621-8f99b54143a8",
    "data": [
      {
        "text": "skip to next message",
        "userDefined": false
      }
    ],
    "isTemplate": false,
    "count": 0,
    "updated": 1520026947
  },
  {
    "id": "7f546359-8d14-4197-8e1d-f7014fa05e8d",
    "data": [
      {
        "text": "show me next",
        "userDefined": false
      }
    ],
    "isTemplate": false,
    "count": 0,
    "updated": 1520026947
  },
  {
    "id": "af48ed9c-668e-4978-82c1-ca9109e90263",
    "data": [
      {
        "text": "skip to next",
        "userDefined": false
      }
    ],
    "isTemplate": false,
    "count": 0,
    "updated": 1520026947
  },
  {
    "id": "1d723c17-54fe-4d47-9c0e-3f0a0bc24f97",
    "data": [
      {
        "text": "go forward",
        "userDefined": false
      }
    ],
    "isTemplate": false,
    "count": 0,
    "updated": 1520026947
  },
  {
    "id": "2c974237-0e2e-48e1-a138-2ab01001c395",
    "data": [
      {
        "text": "next page",
        "userDefined": false
      }
    ],
    "isTemplate": false,
    "count": 0,
    "updated": 1520026947
  },
  {
    "id": "163e896d-bf50-4b4b-9f56-85d35bc0df07",
    "data": [
      {
        "text": "go to the next page",
        "userDefined": false
      }
    ],
    "isTemplate": false,
    "count": 0,
    "updated": 1520026947
  },
  {
    "id": "3c10454f-0601-4a8b-b125-f08b5785c679",
    "data": [
      {
        "text": "show me the next page",
        "userDefined": false
      }
    ],
    "isTemplate": false,
    "count": 0,
    "updated": 1520026947
  },
  {
    "id": "8662b31b-f0b9-4f31-a95a-953cc8e470dc",
    "data": [
      {
        "text": "show me the following results",
        "userDefined": false
      }
    ],
    "isTemplate": false,
    "count": 0,
    "updated": 1520026947
  },
  {
    "id": "8d001b02-eb6d-4f1d-8a95-fbb9619cca9f",
    "data": [
      {
        "text": "switch to the next",
        "userDefined": false
      }
    ],
    "isTemplate": false,
    "count": 0,
    "updated": 1520026947
  },
  {
    "id": "34b60431-5463-44fa-8ee7-56806fe0f51f",
    "data": [
      {
        "text": "following result",
        "userDefined": false
      }
    ],
    "isTemplate": false,
    "count": 0,
    "updated": 1520026947
  },
  {
    "id": "0d86075c-6c35-4f80-b877-72a1a2ed8997",
    "data": [
      {
        "text": "skip",
        "userDefined": false
      }
    ],
    "isTemplate": false,
    "count": 0,
    "updated": 1520026947
  },
  {
    "id": "79b37bd2-bc9f-402c-9d91-8bdeb1399cac",
    "data": [
      {
        "text": "read the next results",
        "userDefined": false
      }
    ],
    "isTemplate": false,
    "count": 0,
    "updated": 1520026947
  },
  {
    "id": "0e29f4b5-b371-4834-b102-b73df3a088d0",
    "data": [
      {
        "text": "next",
        "userDefined": false
      }
    ],
    "isTemplate": false,
    "count": 0,
    "updated": 1520026947
  }
]