[
  {
    "id": "d6b4a344-a461-4920-b167-1686e027818e",
    "data": [
      {
        "text": "messages",
        "userDefined": false
      }
    ],
    "isTemplate": false,
    "count": 0,
    "updated": 1519981629
  },
  {
    "id": "6ce84ce1-a4fa-406e-816c-11b86a82b557",
    "data": [
      {
        "text": "messages in mailbox",
        "userDefined": false
      }
    ],
    "isTemplate": false,
    "count": 0,
    "updated": 1519981629
  },
  {
    "id": "c6b69150-8015-4b8a-9f44-996bcc299385",
    "data": [
      {
        "text": "Any new message?",
        "userDefined": false
      }
    ],
    "isTemplate": false,
    "count": 0,
    "updated": 1519981629
  },
  {
    "id": "43039f20-343b-47aa-af5d-2eb074086597",
    "data": [
      {
        "text": "What\u0027s new?",
        "userDefined": false
      }
    ],
    "isTemplate": false,
    "count": 0,
    "updated": 1519981629
  },
  {
    "id": "2efaf53c-49cc-4a60-b44f-a2546543e795",
    "data": [
      {
        "text": "new messages",
        "userDefined": false
      }
    ],
    "isTemplate": false,
    "count": 0,
    "updated": 1519981629
  },
  {
    "id": "3fed4cd1-ea56-4851-898c-c51c37a2c117",
    "data": [
      {
        "text": "Any news?",
        "userDefined": false
      }
    ],
    "isTemplate": false,
    "count": 0,
    "updated": 1519981629
  },
  {
    "id": "a441ea05-aebc-4a72-bc11-72222a751b5e",
    "data": [
      {
        "text": "my mailbox",
        "userDefined": false
      }
    ],
    "isTemplate": false,
    "count": 0,
    "updated": 1519981629
  },
  {
    "id": "c6a83b13-c128-424f-9ea4-95bc4b5eeb1c",
    "data": [
      {
        "text": "my messages",
        "userDefined": false
      }
    ],
    "isTemplate": false,
    "count": 0,
    "updated": 1519981629
  },
  {
    "id": "6cbcd18d-540a-4d34-b603-7b3cf1ee2ea4",
    "data": [
      {
        "text": "Any messages?",
        "userDefined": false
      }
    ],
    "isTemplate": false,
    "count": 0,
    "updated": 1519981629
  }
]