[
  {
    "id": "fdba4198-64f2-4cf7-bfe1-5101dedfb4f1",
    "data": [
      {
        "text": "this one",
        "userDefined": false
      }
    ],
    "isTemplate": false,
    "count": 0,
    "updated": 1519983750
  },
  {
    "id": "8e42494f-0eca-41c4-bc69-923972ee4837",
    "data": [
      {
        "text": "show me more",
        "userDefined": false
      }
    ],
    "isTemplate": false,
    "count": 0,
    "updated": 1519983750
  },
  {
    "id": "cb38a544-2703-40e7-84c8-9a28b2f8bddd",
    "data": [
      {
        "text": "more",
        "userDefined": false
      }
    ],
    "isTemplate": false,
    "count": 0,
    "updated": 1519983750
  },
  {
    "id": "48dff728-832a-406e-a1f8-3c4dbc3e0bcb",
    "data": [
      {
        "text": "more about this one",
        "userDefined": false
      }
    ],
    "isTemplate": false,
    "count": 0,
    "updated": 1519983750
  },
  {
    "id": "b5488b9b-d713-4d23-8232-bbb5d9f93bcd",
    "data": [
      {
        "text": "tell me more",
        "userDefined": false
      }
    ],
    "isTemplate": false,
    "count": 0,
    "updated": 1519983750
  },
  {
    "id": "3693ae98-7416-4a3e-88f6-f5407cd4190b",
    "data": [
      {
        "text": "more information",
        "userDefined": false
      }
    ],
    "isTemplate": false,
    "count": 0,
    "updated": 1519983750
  }
]