[
  {
    "id": "c6adccd7-09ca-4ab0-a28c-cfc731fa6792",
    "data": [
      {
        "text": "Can you ",
        "userDefined": false
      },
      {
        "text": "fix",
        "alias": "task",
        "meta": "@task",
        "userDefined": true
      },
      {
        "text": " my ",
        "userDefined": false
      },
      {
        "text": "boiler",
        "alias": "appliance",
        "meta": "@appliance",
        "userDefined": true
      }
    ],
    "isTemplate": false,
    "count": 0,
    "updated": 1519999871
  },
  {
    "id": "9bafa57b-a1b8-4ed4-8fa8-aba32e06a630",
    "data": [
      {
        "text": "How can I ",
        "userDefined": false
      },
      {
        "text": "change",
        "alias": "task",
        "meta": "@task",
        "userDefined": true
      },
      {
        "text": " my ",
        "userDefined": false
      },
      {
        "text": "boiler",
        "alias": "appliance",
        "meta": "@appliance",
        "userDefined": false
      }
    ],
    "isTemplate": false,
    "count": 0,
    "updated": 1519999871
  },
  {
    "id": "4190347c-2da2-4c8d-ac8c-943f0bb72037",
    "data": [
      {
        "text": "I need you to ",
        "userDefined": false
      },
      {
        "text": "fix",
        "alias": "task",
        "meta": "@task",
        "userDefined": false
      },
      {
        "text": " my ",
        "userDefined": false
      },
      {
        "text": "boiler",
        "alias": "appliance",
        "meta": "@appliance",
        "userDefined": false
      }
    ],
    "isTemplate": false,
    "count": 0,
    "updated": 1519999871
  },
  {
    "id": "94fa8b69-92ab-4b22-9507-7e4b4dfb659f",
    "data": [
      {
        "text": "How can I get my ",
        "userDefined": false
      },
      {
        "text": "boiler",
        "alias": "appliance",
        "meta": "@appliance",
        "userDefined": false
      },
      {
        "text": " ",
        "userDefined": false
      },
      {
        "text": "repaired",
        "alias": "task",
        "meta": "@task",
        "userDefined": false
      }
    ],
    "isTemplate": false,
    "count": 0,
    "updated": 1519999871
  },
  {
    "id": "a0daffac-5699-4c01-bf7b-284cac7508df",
    "data": [
      {
        "text": "I need my ",
        "userDefined": false
      },
      {
        "text": "boiler",
        "alias": "appliance",
        "meta": "@appliance",
        "userDefined": false
      },
      {
        "text": " ",
        "userDefined": false
      },
      {
        "text": "fixed",
        "alias": "task",
        "meta": "@task",
        "userDefined": true
      }
    ],
    "isTemplate": false,
    "count": 0,
    "updated": 1519999871
  },
  {
    "id": "dc48a56f-30ec-4295-9a17-317abe3d2062",
    "data": [
      {
        "text": "How can I ",
        "userDefined": false
      },
      {
        "text": "fix",
        "alias": "task",
        "meta": "@task",
        "userDefined": false
      },
      {
        "text": " my house appliances",
        "userDefined": false
      }
    ],
    "isTemplate": false,
    "count": 0,
    "updated": 1520000658
  },
  {
    "id": "3fb85b5d-58cf-4f83-829c-07b760e11596",
    "data": [
      {
        "text": "My ",
        "userDefined": false
      },
      {
        "text": "boiler",
        "alias": "appliance",
        "meta": "@appliance",
        "userDefined": false
      },
      {
        "text": " needs to be ",
        "userDefined": false
      },
      {
        "text": "fixed",
        "alias": "task",
        "meta": "@task",
        "userDefined": true
      }
    ],
    "isTemplate": false,
    "count": 0,
    "updated": 1519999871
  },
  {
    "id": "0b885620-9f54-4adc-9c66-67e4cc566b7d",
    "data": [
      {
        "text": "How can I get something ",
        "userDefined": false
      },
      {
        "text": "fixed",
        "alias": "task",
        "meta": "@task",
        "userDefined": false
      }
    ],
    "isTemplate": false,
    "count": 0,
    "updated": 1520000658
  }
]