[
  {
    "value": "control",
    "synonyms": [
      "control",
      "check",
      "check out",
      "check in",
      "controlled",
      "checked",
      "checked out",
      "checked in"
    ]
  },
  {
    "value": "repair",
    "synonyms": [
      "repair",
      "fix",
      "adjust",
      "update",
      "fixed",
      "repaired",
      "adjusted",
      "updated"
    ]
  },
  {
    "value": "change",
    "synonyms": [
      "change",
      "changed"
    ]
  },
  {
    "value": "install",
    "synonyms": [
      "install",
      "installed",
      "position",
      "positioned"
    ]
  }
]